Model,MAE,MSE,RMSE,R2 Score
Linear Regression,7.504458762397451e-10,9.085793412399185e-19,9.53194283050375e-10,1.0
Random Forest,26972.136547933995,1195878691.3679245,34581.47902227324,0.8995776871009042
XGBoost,16361.99157024793,488753384.88157034,22107.767523691087,0.9589575885068022
Hybrid Ensemble,0.01363443437394155,0.00018962353775476854,0.013770386260187785,0.9999999999999841
